<?xml version="1.0" encoding="utf-8"?>
<sim_out>
    <eng_info>
        <engine>SimAnneal</engine>
        <version>TBD</version>
        <return_code>0</return_code>
        <timestamp>Tue Mar 16 18:29:26 2021</timestamp>
        <time_elapsed_s>0.332049</time_elapsed_s>
    </eng_info>
    <sim_params>
        <T_e_inv_point>0.09995000064373016</T_e_inv_point>
        <T_init>500</T_init>
        <T_min>2</T_min>
        <T_schedule>exponential</T_schedule>
        <anneal_cycles>10000</anneal_cycles>
        <debye_length>5</debye_length>
        <eps_r>5.599999904632568</eps_r>
        <hop_attempt_factor>5</hop_attempt_factor>
        <muzm>-0.25</muzm>
        <num_instances>-1</num_instances>
        <phys_validity_check_cycles>10</phys_validity_check_cycles>
        <reset_T_during_v_freeze_reset>false</reset_T_during_v_freeze_reset>
        <result_queue_size>0.10000000149011612</result_queue_size>
        <strategic_v_freeze_reset>false</strategic_v_freeze_reset>
        <v_freeze_end_point>0.4000000059604645</v_freeze_end_point>
        <v_freeze_init>-1</v_freeze_init>
        <v_freeze_reset>-1</v_freeze_reset>
        <v_freeze_threshold>4</v_freeze_threshold>
    </sim_params>
    <physloc>
        <dbdot x="0.000000" y="0.000000"/>
        <dbdot x="-7.680000" y="0.000000"/>
        <dbdot x="23.040000" y="0.000000"/>
        <dbdot x="19.200000" y="-5.430000"/>
        <dbdot x="42.240000" y="0.000000"/>
        <dbdot x="42.240000" y="-5.430000"/>
        <dbdot x="61.440000" y="0.000000"/>
        <dbdot x="65.280000" y="-5.430000"/>
        <dbdot x="84.480000" y="0.000000"/>
        <dbdot x="92.160000" y="0.000000"/>
        <dbdot x="0.000000" y="32.970000"/>
        <dbdot x="-7.680000" y="32.970000"/>
        <dbdot x="23.040000" y="32.970000"/>
        <dbdot x="19.200000" y="38.400000"/>
        <dbdot x="42.240000" y="32.970000"/>
        <dbdot x="42.240000" y="38.400000"/>
        <dbdot x="57.600000" y="32.970000"/>
        <dbdot x="61.440000" y="38.400000"/>
        <dbdot x="84.480000" y="32.970000"/>
        <dbdot x="92.160000" y="32.970000"/>
    </physloc>
    <elec_dist>
        <dist energy="0.563509" count="5000" physically_valid="0" state_count="3">0-0-000-0-0-0-000-0-</dist>
        <dist energy="0.804895" count="11000" physically_valid="1" state_count="3">0-0-0-0-0-0-0-000-0-</dist>
    </elec_dist>
</sim_out>
