<?xml version="1.0" encoding="UTF-8"?>
<siqad>
    <!--Program Flags-->
    <program>
        <file_purpose>simulation</file_purpose>
        <version>0.3.3</version>
        <date>2021-03-16 18:29:26</date>
    </program>
    <sim_params>
        <T_e_inv_point>0.09995000064373016</T_e_inv_point>
        <T_init>500</T_init>
        <T_min>2</T_min>
        <T_schedule>exponential</T_schedule>
        <anneal_cycles>10000</anneal_cycles>
        <debye_length>5</debye_length>
        <eps_r>5.599999904632568</eps_r>
        <hop_attempt_factor>5</hop_attempt_factor>
        <muzm>-0.25</muzm>
        <num_instances>-1</num_instances>
        <phys_validity_check_cycles>10</phys_validity_check_cycles>
        <reset_T_during_v_freeze_reset>false</reset_T_during_v_freeze_reset>
        <result_queue_size>0.10000000149011612</result_queue_size>
        <strategic_v_freeze_reset>false</strategic_v_freeze_reset>
        <v_freeze_end_point>0.4000000059604645</v_freeze_end_point>
        <v_freeze_init>-1</v_freeze_init>
        <v_freeze_reset>-1</v_freeze_reset>
        <v_freeze_threshold>4</v_freeze_threshold>
    </sim_params>
    <!--GUI Flags-->
    <gui>
        <zoom>0.0478297</zoom>
        <displayed_region x1="-98.8925" y1="-23.6255" x2="119.173" y2="67.5313"/>
        <scroll x="-104" y="-464"/>
    </gui>
    <!--Layer Properties-->
    <!--Layer ID is intrinsic to the layer order-->
    <layers>
        <layer_prop>
            <name>Lattice</name>
            <type>Lattice</type>
            <role>Design</role>
            <zoffset>0</zoffset>
            <zheight>0</zheight>
            <visible>1</visible>
            <active>0</active>
            <lat_vec>
                <a1 x="3.84" y="0"/>
                <a2 x="0" y="7.68"/>
                <N>2</N>
                <b1 x="0" y="0"/>
                <b2 x="0" y="2.25"/>
            </lat_vec>
        </layer_prop>
        <layer_prop>
            <name>Screenshot Overlay</name>
            <type>Misc</type>
            <role>Overlay</role>
            <zoffset>0</zoffset>
            <zheight>0</zheight>
            <visible>1</visible>
            <active>0</active>
        </layer_prop>
        <layer_prop>
            <name>Surface</name>
            <type>DB</type>
            <role>Design</role>
            <zoffset>0</zoffset>
            <zheight>0</zheight>
            <visible>1</visible>
            <active>0</active>
        </layer_prop>
        <layer_prop>
            <name>Metal</name>
            <type>Electrode</type>
            <role>Design</role>
            <zoffset>1000</zoffset>
            <zheight>100</zheight>
            <visible>1</visible>
            <active>0</active>
        </layer_prop>
    </layers>
    <!--Item Hierarchy-->
    <design>
        <!--Lattice-->
        <layer type="Lattice"/>
        <!--Screenshot Overlay-->
        <layer type="Misc"/>
        <!--Surface-->
        <layer type="DB">
            <dbdot>
                <layer_id>2</layer_id>
                <latcoord n="0" m="0" l="0"/>
                <physloc x="0" y="0"/>
                <color>#ffc8c8c8</color>
            </dbdot>
            <dbdot>
                <layer_id>2</layer_id>
                <latcoord n="-2" m="0" l="0"/>
                <physloc x="-7.68" y="0"/>
                <color>#ffc8c8c8</color>
            </dbdot>
            <dbdot>
                <layer_id>2</layer_id>
                <latcoord n="6" m="0" l="0"/>
                <physloc x="23.04" y="0"/>
                <color>#ffc8c8c8</color>
            </dbdot>
            <dbdot>
                <layer_id>2</layer_id>
                <latcoord n="5" m="-1" l="1"/>
                <physloc x="19.2" y="-5.43"/>
                <color>#ffc8c8c8</color>
            </dbdot>
            <dbdot>
                <layer_id>2</layer_id>
                <latcoord n="11" m="0" l="0"/>
                <physloc x="42.24" y="0"/>
                <color>#ffc8c8c8</color>
            </dbdot>
            <dbdot>
                <layer_id>2</layer_id>
                <latcoord n="11" m="-1" l="1"/>
                <physloc x="42.24" y="-5.43"/>
                <color>#ffc8c8c8</color>
            </dbdot>
            <dbdot>
                <layer_id>2</layer_id>
                <latcoord n="16" m="0" l="0"/>
                <physloc x="61.44" y="0"/>
                <color>#ffc8c8c8</color>
            </dbdot>
            <dbdot>
                <layer_id>2</layer_id>
                <latcoord n="17" m="-1" l="1"/>
                <physloc x="65.28" y="-5.43"/>
                <color>#ffc8c8c8</color>
            </dbdot>
            <dbdot>
                <layer_id>2</layer_id>
                <latcoord n="22" m="0" l="0"/>
                <physloc x="84.48" y="0"/>
                <color>#ffc8c8c8</color>
            </dbdot>
            <dbdot>
                <layer_id>2</layer_id>
                <latcoord n="24" m="0" l="0"/>
                <physloc x="92.16" y="0"/>
                <color>#ffc8c8c8</color>
            </dbdot>
            <dbdot>
                <layer_id>2</layer_id>
                <latcoord n="0" m="4" l="1"/>
                <physloc x="0" y="32.97"/>
                <color>#ffc8c8c8</color>
            </dbdot>
            <dbdot>
                <layer_id>2</layer_id>
                <latcoord n="-2" m="4" l="1"/>
                <physloc x="-7.68" y="32.97"/>
                <color>#ffc8c8c8</color>
            </dbdot>
            <dbdot>
                <layer_id>2</layer_id>
                <latcoord n="6" m="4" l="1"/>
                <physloc x="23.04" y="32.97"/>
                <color>#ffc8c8c8</color>
            </dbdot>
            <dbdot>
                <layer_id>2</layer_id>
                <latcoord n="5" m="5" l="0"/>
                <physloc x="19.2" y="38.4"/>
                <color>#ffc8c8c8</color>
            </dbdot>
            <dbdot>
                <layer_id>2</layer_id>
                <latcoord n="11" m="4" l="1"/>
                <physloc x="42.24" y="32.97"/>
                <color>#ffc8c8c8</color>
            </dbdot>
            <dbdot>
                <layer_id>2</layer_id>
                <latcoord n="11" m="5" l="0"/>
                <physloc x="42.24" y="38.4"/>
                <color>#ffc8c8c8</color>
            </dbdot>
            <dbdot>
                <layer_id>2</layer_id>
                <latcoord n="15" m="4" l="1"/>
                <physloc x="57.6" y="32.97"/>
                <color>#ffc8c8c8</color>
            </dbdot>
            <dbdot>
                <layer_id>2</layer_id>
                <latcoord n="16" m="5" l="0"/>
                <physloc x="61.44" y="38.4"/>
                <color>#ffc8c8c8</color>
            </dbdot>
            <dbdot>
                <layer_id>2</layer_id>
                <latcoord n="22" m="4" l="1"/>
                <physloc x="84.48" y="32.97"/>
                <color>#ffc8c8c8</color>
            </dbdot>
            <dbdot>
                <layer_id>2</layer_id>
                <latcoord n="24" m="4" l="1"/>
                <physloc x="92.16" y="32.97"/>
                <color>#ffc8c8c8</color>
            </dbdot>
        </layer>
        <!--Metal-->
        <layer type="Electrode"/>
    </design>
</siqad>